0.066666,1.3868,5.8282
0.13333,1.3585,5.8419
0.2,1.3585,5.8557
0.26666,1.3302,5.8694
0.33333,1.3019,5.8832
0.4,1.2736,5.9381
0.46666,1.2453,5.9381
0.53333,1.2594,5.9519
0.59999,1.2453,5.9931
0.66666,1.2453,5.9931
0.73333,1.2453,6.0206
0.79999,1.217,6.0206
0.86666,1.2311,6.0206
0.93332,1.1887,6.0481
0.99999,1.1604,6.0756
1.0667,1.1604,6.0756
1.1333,1.1604,6.0756
1.2,1.1604,6.1031
1.2667,1.1604,6.1031
1.3333,1.1604,6.1031
1.4,1.1604,6.1031
1.4667,1.1745,6.1031
1.5333,1.1887,6.1031
1.6,1.217,6.0206
1.6666,1.1887,5.9931
1.7333,1.1604,5.8832
1.8,1.1321,5.8007
1.8666,1.1038,5.6357
1.9333,1.5283,5.5945
2,1.0189,5.3333
2.0666,1.0189,5.2784
2.1333,1.0189,5.1684
2.2,0.90566,4.921
2.2666,0.90566,4.866
2.3333,0.79245,4.646
2.4,0.73585,4.5636
2.4666,0.62264,4.3711
2.5333,0.53774,4.2612
2.6,0.50943,4.2062
2.6666,0.42453,4.1237
2.7333,0.33962,4.0412
2.8,0.28302,3.9588
2.8666,0.28302,3.9038
2.9333,0.25472,3.89
3,0.22642,3.8488
3.0666,0.19811,3.8213
3.1333,0.16981,3.7663
3.2,0.11321,3.6838
3.2666,0.11321,3.6014
3.3333,0.084906,3.5189
3.4,0.056604,3.4089
3.4666,0.056604,3.299
3.5333,0.084906,3.189
3.6,0.084906,3.079
3.6666,0.12736,2.9966
3.7333,0.19811,2.9278
3.8,0.25472,2.8591
3.8666,0.31132,2.8041
3.9333,0.33962,2.7491
4,0.39623,2.6942
4.0666,0.48113,2.6117
4.1333,0.59434,2.5567
4.2,0.62264,2.5567
4.2666,0.73585,2.4742
4.3333,0.73585,2.4742
4.4,0.59434,2.5567
4.4666,0.67925,2.5017
4.5333,0.73585,2.4467
4.6,0.73585,2.4192
4.6666,0.99057,2.2268
4.7333,1.1038,2.1443
4.8,1.1321,2.1443
4.8666,1.2453,2.0344
4.9333,1.3585,1.9244
5,1.3868,1.8969
5.0666,1.4009,1.8419
5.1333,1.4434,1.7869
5.1999,1.4717,1.7045
5.2666,1.4434,1.5945
5.3333,1.4717,1.512
5.3999,1.4434,1.4021
5.4666,1.4151,1.3196
5.5333,1.3868,1.2096
5.5999,1.4151,1.2371
5.6666,1.3302,1.0722
5.7333,1.3585,1.0722
5.7999,1.3302,0.9622
5.8666,1.3302,0.90722
5.9333,1.3585,0.90722
5.9999,1.3302,0.76976
6.0666,1.3302,0.74227
6.1333,1.3302,0.68729
6.1999,1.3302,0.65979
6.2666,1.3302,0.65979
6.3333,1.2877,0.67354
6.3999,1.2736,0.65979
6.4666,1.2453,0.65979
6.5333,1.2453,0.65979
6.5999,1.1887,0.60481
6.6666,1.1038,0.54983
6.7333,1.0472,0.54983
6.7999,1.0189,0.52234
6.8666,1.0189,0.53608
6.9333,1.0047,0.53608
6.9999,1.0189,0.54983
7.0666,0.99057,0.52234
7.1333,0.99057,0.52234
7.1999,0.99057,0.52234
7.2666,0.99057,0.57732
7.3333,0.96226,0.60481
7.3999,0.87736,0.60481
7.4666,0.82075,0.60481
7.5333,0.73585,0.60481
7.5999,0.70755,0.60481
7.6666,0.56604,0.54983
7.7333,0.56604,0.57732
7.7999,0.56604,0.57732
7.8666,0.50943,0.57732
7.9333,0.48113,0.57732
7.9999,0.45283,0.54983
8.0666,0.39623,0.52234
8.1333,0.39623,0.52234
8.1999,0.33962,0.52234
8.2666,0.31132,0.49485
8.3332,0.22642,0.46735
8.3999,0.22642,0.46735
8.4666,0.22642,0.46735
8.5332,0.22642,0.46735
8.5999,0.22642,0.46735
8.6666,0.19811,0.46735
8.7332,0.14151,0.43986
8.7999,0.14151,0.41237
8.8666,0.14151,0.43986
8.9332,0.11321,0.41237
8.9999,0.099057,0.41237
9.0666,0.11321,0.41237
9.1332,0.084906,0.41237
9.1999,0.084906,0.41237
9.2666,0.084906,0.41237
9.3332,0.084906,0.41237
9.3999,0.11321,0.43986
9.4666,0.14151,0.43986
9.5332,0.14151,0.43986
9.5999,0.16981,0.46735
9.6666,0.19811,0.46735
9.7332,0.22642,0.46735
9.7999,0.25472,0.46735
9.8666,0.28302,0.46735
9.9332,0.31132,0.46735
9.9999,0.33962,0.46735
10.067,0.36792,0.41237
10.133,0.31132,0.41237
10.2,0.45283,0.35739
10.267,0.53774,0.3299
10.333,0.62264,0.35739
10.4,0.65094,0.35739
10.467,0.76415,0.3299
10.533,0.6934,0.3299
10.6,0.90566,0.3299
10.667,0.96226,0.3299
10.733,1.0189,0.3299
10.8,0.96226,0.3299
10.867,1.1038,0.3299
10.933,1.1038,0.3299
11,1.1604,0.35739
11.067,1.2028,0.35739
11.133,1.217,0.35739
11.2,1.217,0.35739
11.267,1.2736,0.35739
11.333,1.3302,0.35739
11.4,1.3585,0.35739
11.467,1.3868,0.35739
11.533,1.4575,0.3299
11.6,1.4717,0.3299
11.667,1.5,0.3299
11.733,1.4717,0.35739
11.8,1.5,0.35739
11.867,1.4717,0.38488
11.933,1.4717,0.38488
12,1.4717,0.38488
12.067,1.4717,0.38488
12.133,1.4717,0.38488
12.2,1.4434,0.38488
12.267,1.4434,0.38488
12.333,1.3868,0.3299
12.4,1.3868,0.3299
12.467,1.4434,0.35739
12.533,1.3868,0.3299
12.6,1.3868,0.3299
12.667,1.3585,0.3299
12.733,1.3585,0.30241
12.8,1.3585,0.30241
12.867,1.3585,0.30241
12.933,1.3019,0.30241
13,1.2453,0.3299
13.067,1.217,0.3299
13.133,1.1321,0.3299
13.2,1.1038,0.3299
13.267,1.1038,0.3299
13.333,1.0755,0.3299
13.4,1.0472,0.3299
13.467,0.96226,0.3299
13.533,0.93396,0.3299
13.6,0.87736,0.3299
13.667,0.79245,0.3299
13.733,0.73585,0.3299
13.8,0.65094,0.3299
13.867,0.59434,0.3299
13.933,0.56604,0.3299
14,0.50943,0.3299
14.067,0.45283,0.3299
14.133,0.45283,0.3299
14.2,0.42453,0.3299
14.267,0.42453,0.3299
14.333,0.42453,0.3299
14.4,0.39623,0.3299
14.467,0.36792,0.3299
14.533,0.33962,0.34364
14.6,0.31132,0.34364
14.667,0.31132,0.35739
14.733,0.28302,0.38488
14.8,0.28302,0.38488
14.867,0.28302,0.38488
14.933,0.28302,0.38488
15,0.29717,0.37113
15.067,0.28302,0.38488
15.133,0.28302,0.38488
15.2,0.25472,0.43986
15.267,0.25472,0.52234
15.333,0.25472,0.49485
15.4,0.25472,0.49485
15.467,0.25472,0.50859
15.533,0.25472,0.49485
15.6,0.25472,0.49485
15.667,0.25472,0.49485
15.733,0.25472,0.49485
15.8,0.25472,0.50859
15.867,0.25472,0.52234
15.933,0.25472,0.49485
16,0.25472,0.49485
16.067,0.25472,0.49485
16.133,0.25472,0.49485
16.2,0.25472,0.49485
16.267,0.22642,0.52234
16.333,0.22642,0.50859
16.4,0.22642,0.49485
16.467,0.22642,0.49485
16.533,0.22642,0.49485
16.6,0.22642,0.49485
16.666,0.22642,0.52234
16.733,0.22642,0.49485
16.8,0.22642,0.49485
16.866,0.22642,0.49485
16.933,0.22642,0.49485
17,0.22642,0.49485
17.066,0.22642,0.49485
17.133,0.16981,0.52234
17.2,0.16981,0.49485
17.266,0.14151,0.46735
17.333,0.11321,0.46735
17.4,0.11321,0.46735
17.466,0.11321,0.49485
17.533,0.11321,0.52234
17.6,0.084906,0.54983
17.666,0.084906,0.54983
17.733,0.084906,0.57732
17.8,0.084906,0.60481
17.866,0.084906,0.60481
17.933,0.11321,0.60481
18,0.11321,0.60481
18.066,0.11321,0.60481
18.133,0.11321,0.60481
18.2,0.11321,0.60481
18.266,0.11321,0.60481
18.333,0.11321,0.60481
18.4,0.11321,0.60481
18.466,0.11321,0.60481
18.533,0.11321,0.60481
18.6,0.11321,0.6323
18.666,0.11321,0.60481
18.733,0.11321,0.6323
18.8,0.11321,0.6323
18.866,0.11321,0.6323
18.933,0.11321,0.6323
19,0.11321,0.6323
19.066,0.11321,0.6323
19.133,0.11321,0.6323
19.2,0.11321,0.6323
19.266,0.11321,0.6323
19.333,0.11321,0.6323
19.4,0.11321,0.6323
19.466,0.11321,0.6323
19.533,0.11321,0.6323
19.6,0.11321,0.6323
19.666,0.11321,0.6323
19.733,0.084906,0.6323
19.8,0.084906,0.60481
19.866,0.11321,0.60481
19.933,0.11321,0.60481
20,0.14151,0.57732
20.066,0.16981,0.57732
20.133,0.19811,0.57732
20.2,0.22642,0.57732
20.266,0.25472,0.54983
20.333,0.31132,0.54983
20.4,0.33962,0.54983
20.466,0.36792,0.54983
20.533,0.39623,0.54983
20.6,0.36792,0.54983
20.666,0.39623,0.54983
20.733,0.42453,0.57732
20.8,0.45283,0.57732
20.866,0.50943,0.57732
20.933,0.62264,0.60481
21,0.67925,0.60481
21.066,0.73585,0.60481
21.133,0.82075,0.60481
21.2,0.90566,0.60481
21.266,0.76415,0.57732
21.333,0.93396,0.60481
21.4,0.84906,0.57732
21.466,0.83491,0.59107
21.533,1.0189,0.57732
21.6,1.0755,0.57732
21.666,1.1038,0.54983
21.733,1.1038,0.54983
21.8,0.99057,0.54983
21.866,1.0755,0.54983
21.933,1.1038,0.52234
22,1.2594,0.49485
22.066,1.2736,0.46735
22.133,1.3585,0.46735
22.2,1.3868,0.46735
22.266,1.4575,0.46735
22.333,1.4717,0.46735
22.4,1.4717,0.46735
22.466,1.4717,0.46735
22.533,1.4717,0.46735
22.6,1.4717,0.46735
22.666,1.4717,0.46735
22.733,1.4717,0.49485
22.8,1.4434,0.49485
22.866,1.4151,0.49485
22.933,1.3868,0.49485
23,1.3302,0.46735
23.066,1.3019,0.46735
23.133,1.3302,0.46735
23.2,1.3019,0.46735
23.266,1.2453,0.46735
23.333,1.2311,0.46735
23.4,1.217,0.46735
23.466,1.1887,0.49485
23.533,1.1887,0.49485
23.6,1.1038,0.49485
23.666,1.0472,0.46735
23.733,1.0047,0.46735
23.8,0.99057,0.46735
23.866,0.93396,0.49485
23.933,0.87736,0.49485
24,0.73585,0.49485
24.066,0.7217,0.49485
24.133,0.65094,0.49485
24.2,0.59434,0.46735
24.266,0.53774,0.46735
24.333,0.53774,0.46735
24.4,0.53774,0.46735
24.466,0.50943,0.49485
24.533,0.39623,0.49485
24.6,0.42453,0.49485
24.666,0.39623,0.52234
24.733,0.33962,0.52234
24.8,0.31132,0.52234
24.866,0.25472,0.52234
24.933,0.25472,0.52234
25,0.22642,0.54983
25.066,0.19811,0.60481
25.133,0.19811,0.60481
25.2,0.19811,0.60481
25.266,0.16981,0.6323
25.333,0.14151,0.65979
25.4,0.15566,0.64605
25.466,0.14151,0.65979
25.533,0.11321,0.65979
25.6,0.084906,0.60481
25.666,0.084906,0.57732
25.733,0.084906,0.60481
25.8,0.084906,0.57732
25.866,0.084906,0.57732
25.933,0.084906,0.57732
26,0.084906,0.54983
26.066,0.084906,0.54983
26.133,0.084906,0.54983
26.2,0.084906,0.54983
26.266,0.084906,0.54983
26.333,0.084906,0.54983
26.4,0.084906,0.54983
26.466,0.084906,0.54983
26.533,0.084906,0.54983
26.6,0.11321,0.54983
26.666,0.11321,0.54983
26.733,0.11321,0.54983
26.8,0.11321,0.54983
26.866,0.11321,0.54983
26.933,0.11321,0.54983
27,0.11321,0.54983
27.066,0.11321,0.54983
27.133,0.11321,0.54983
27.2,0.11321,0.57732
27.266,0.14151,0.57732
27.333,0.16981,0.60481
27.4,0.22642,0.60481
27.466,0.25472,0.57732
27.533,0.31132,0.60481
27.6,0.33962,0.60481
27.666,0.33962,0.60481
27.733,0.33962,0.60481
27.8,0.33962,0.60481
27.866,0.39623,0.52234
27.933,0.45283,0.46735
28,0.48113,0.43986
28.066,0.42453,0.46735
28.133,0.56604,0.43986
28.2,0.73585,0.41237
28.266,0.67925,0.41237
28.333,0.87736,0.35739
28.4,0.79245,0.38488
28.466,0.87736,0.38488
28.533,0.93396,0.38488
28.6,0.93396,0.41237
28.666,0.96226,0.38488
28.733,0.99057,0.41237
28.8,1.0755,0.41237
28.866,1.2736,0.46735
28.933,1.3302,0.46735
29,1.3019,0.43986
29.066,1.3585,0.46735
29.133,1.4151,0.46735
29.2,1.4717,0.46735
29.266,1.4717,0.46735
29.333,1.4717,0.46735
29.4,1.4434,0.49485
29.466,1.4434,0.49485
29.533,1.4434,0.52234
29.6,1.4151,0.52234
29.666,1.4151,0.52234
29.733,1.4151,0.52234
29.8,1.4151,0.52234
29.866,1.4151,0.54983
29.933,1.4151,0.52234
30,1.4151,0.53608
30.066,1.4151,0.52234
30.133,1.4151,0.52234
30.2,1.4151,0.52234
30.266,1.4151,0.50859
30.333,1.4009,0.52234
30.4,1.3585,0.49485
30.466,1.3585,0.49485
30.533,1.3302,0.49485
30.6,1.3019,0.49485
30.666,1.3019,0.49485
30.733,1.1887,0.46735
30.8,1.1604,0.46735
30.866,1.0755,0.46735
30.933,1.0472,0.46735
31,0.99057,0.46735
31.066,0.96226,0.46735
31.133,0.84906,0.46735
31.2,0.79245,0.46735
31.266,0.76415,0.46735
31.333,0.70755,0.46735
31.4,0.62264,0.46735
31.466,0.59434,0.46735
31.533,0.53774,0.46735
31.6,0.50943,0.46735
31.666,0.45283,0.52234
31.733,0.42453,0.52234
31.8,0.39623,0.52234
31.866,0.36792,0.54983
31.933,0.33962,0.54983
32,0.33962,0.57732
32.066,0.25472,0.60481
32.133,0.25472,0.60481
32.2,0.25472,0.60481
32.266,0.25472,0.60481
32.333,0.31132,0.57732
32.4,0.28302,0.60481
32.466,0.29717,0.59107
32.533,0.28302,0.60481
32.6,0.28302,0.60481
32.666,0.28302,0.60481
32.733,0.28302,0.60481
32.8,0.28302,0.60481
32.866,0.28302,0.60481
32.933,0.28302,0.60481
33,0.28302,0.60481
33.066,0.28302,0.60481
33.133,0.28302,0.60481
33.2,0.28302,0.60481
33.266,0.28302,0.60481
33.333,0.28302,0.60481
33.4,0.28302,0.60481
33.466,0.28302,0.60481
33.533,0.28302,0.60481
33.6,0.28302,0.60481
33.666,0.28302,0.60481
33.733,0.31132,0.57732
33.8,0.31132,0.54983
33.866,0.31132,0.54983
33.933,0.28302,0.52234
34,0.25472,0.52234
34.066,0.19811,0.54983
34.133,0.16981,0.54983
34.2,0.16981,0.54983
34.266,0.16981,0.57732
34.333,0.14151,0.57732
34.4,0.12736,0.54983
34.466,0.084906,0.54983
34.533,0.084906,0.54983
34.6,0.084906,0.54983
34.666,0.084906,0.52234
34.733,0.084906,0.52234
34.8,0.084906,0.52234
34.866,0.084906,0.52234
34.933,0.084906,0.52234
35,0.084906,0.52234
35.066,0.11321,0.46735
35.133,0.14151,0.46735
35.2,0.14151,0.46735
35.266,0.16981,0.46735
35.333,0.16981,0.46735
35.4,0.19811,0.46735
35.466,0.19811,0.46735
35.533,0.19811,0.46735
35.6,0.22642,0.46735
35.666,0.25472,0.49485
35.733,0.31132,0.52234
35.8,0.36792,0.52234
35.866,0.36792,0.52234
35.933,0.48113,0.52234
36,0.45283,0.52234
36.066,0.65094,0.46735
36.133,0.62264,0.46735
36.2,0.76415,0.43986
36.266,0.62264,0.46735
36.333,0.82075,0.43986
36.4,0.84906,0.43986
36.466,0.87736,0.46735
36.533,0.76415,0.46735
36.6,0.82075,0.49485
36.666,0.87736,0.49485
36.733,1.0755,0.52234
36.8,0.99057,0.52234
36.866,1.1887,0.52234
36.933,1.2736,0.52234
37,1.1887,0.52234
37.066,1.2453,0.52234
37.133,1.3019,0.52234
37.2,1.3585,0.54983
37.266,1.3868,0.54983
37.333,1.4717,0.54983
37.4,1.4717,0.57732
37.466,1.4717,0.60481
37.533,1.4434,0.60481
37.6,1.4717,0.60481
37.666,1.4434,0.60481
37.733,1.4434,0.60481
37.8,1.4434,0.61856
37.866,1.3868,0.6323
37.933,1.3585,0.6323
38,1.3302,0.60481
38.066,1.3019,0.60481
38.133,1.2736,0.60481
38.2,1.2736,0.60481
38.266,1.2736,0.60481
38.333,1.2736,0.6323
38.4,1.2736,0.6323
38.466,1.2736,0.6323
38.533,1.2736,0.6323
38.6,1.2453,0.6323
38.666,1.2453,0.6323
38.733,1.2453,0.6323
38.8,1.2453,0.6323
38.866,1.2453,0.65979
38.933,1.2736,0.65979
39,1.1887,0.71478
39.066,1.1887,0.74227
39.133,1.1604,0.79725
39.2,1.0755,0.85223
39.266,1.0472,0.87973
39.333,0.99057,0.93471
39.4,0.96226,0.93471
39.466,0.87736,0.9622
39.533,0.76415,1.0172
39.6,0.76415,1.0172
39.666,0.62264,1.0447
39.733,0.50943,1.0722
39.8,0.50943,1.0447
39.866,0.42453,1.0722
39.933,0.33962,1.0722
40,0.28302,1.0722
40.066,0.25472,1.0722
40.133,0.22642,1.0722
40.2,0.16981,1.0997
40.266,0.15566,1.0997
40.333,0.11321,1.0997
40.4,0.11321,1.0722
40.466,0.099057,1.0722
40.533,0.084906,1.0447
40.6,0.11321,1.0447
40.666,0.11321,1.0172
40.733,0.11321,1.0172
40.8,0.11321,1.0447
40.866,0.11321,1.0309
40.933,0.14151,1.0447
41,0.14151,1.0722
41.066,0.14151,1.0997
41.133,0.16981,1.1546
41.2,0.19811,1.2096
41.266,0.25472,1.2371
41.333,0.28302,1.2646
41.4,0.33962,1.2921
41.466,0.39623,1.3471
41.533,0.36792,1.3471
41.6,0.39623,1.4021
41.666,0.25472,1.3196
41.733,0.25472,1.3471
41.8,0.28302,1.457
41.866,0.33962,1.567
41.933,0.36792,1.5945
42,0.36792,1.622
42.066,0.39623,1.677
42.133,0.28302,1.5945
42.2,0.45283,1.732
42.266,0.33962,1.677
42.333,0.50943,1.7595
42.4,0.56604,1.8144
42.466,0.59434,1.8419
42.533,0.48113,1.8144
42.6,0.62264,1.8969
42.666,0.76415,2.0069
42.733,0.79245,2.0344
42.8,0.87736,2.0893
42.866,0.93396,2.1443
42.933,0.90566,2.1443
43,0.90566,2.1443
43.066,1.1038,2.2543
43.133,1.0755,2.268
43.2,1.1321,2.3093
43.266,1.1887,2.3368
43.333,1.3585,2.4467
43.4,1.3868,2.4742
43.466,1.4434,2.5017
43.533,1.4717,2.5292
43.6,1.4434,2.5567
43.666,1.4434,2.5842
43.733,1.4434,2.6392
43.8,1.4151,2.6667
43.866,1.4151,2.6667
43.933,1.4151,2.6667
44,1.4151,2.6667
44.066,1.4151,2.7216
44.133,1.4151,2.8316
44.2,1.4151,2.8866
44.266,1.3868,2.9416
44.333,1.3868,3.0515
44.4,1.3585,3.134
44.466,1.3302,3.2165
44.533,1.3302,3.2715
44.6,1.3019,3.3814
44.666,1.3019,3.3814
44.733,1.2453,3.5189
44.8,1.2453,3.5464
44.866,1.1887,3.6564
44.933,1.217,3.6289
45,1.1604,3.7663
45.066,1.1604,3.7938
45.133,1.0755,3.9313
45.2,1.0755,3.9588
45.266,1.0189,4.0412
45.333,0.99057,4.1237
45.4,0.96226,4.1787
45.466,0.96226,4.2337
45.533,0.90566,4.3436
45.6,0.87736,4.3986
45.666,0.82075,4.4536
45.733,0.82075,4.4536
45.8,0.76415,4.5361
45.866,0.73585,4.5086
45.933,0.65094,4.5361
46,0.56604,4.5636
46.066,0.53774,4.5636
46.133,0.45283,4.646
46.2,0.39623,4.6735
46.266,0.39623,4.701
46.333,0.39623,4.701
46.4,0.39623,4.7698
46.466,0.33962,4.921
46.533,0.33962,4.921
46.6,0.31132,5.0172
46.666,0.31132,5.0309
46.733,0.28302,5.1134
46.8,0.25472,5.2234
46.866,0.25472,5.2234
46.933,0.22642,5.2784
47,0.21226,5.3471
47.066,0.19811,5.3608
47.133,0.14151,5.4433
47.2,0.11321,5.4433
47.266,0.11321,5.4158
47.333,0.084906,5.4433
47.4,0.084906,5.4433
47.466,0.056604,5.4708
47.533,0.056604,5.4983
47.6,0.056604,5.5533
47.666,0.056604,5.5808
47.733,0.084906,5.6357
47.8,0.084906,5.6357
47.866,0.084906,5.6357
47.933,0.084906,5.6357
48,0.084906,5.6357
48.066,0.084906,5.6357
48.133,0.084906,5.6357
48.2,0.084906,5.6357
48.266,0.11321,5.6907
48.333,0.11321,5.7732
48.4,0.14151,5.8007
48.466,0.14151,5.8557
48.533,0.11321,5.8832
48.6,0.65723,6.9309
48.666,1.0957,6.7275
48.733,0.36792,6.1856
48.8,0.39623,6.2405
48.866,0.39623,6.2955
48.933,0.4434,6.378
49,0.53774,6.4605
49.066,0.65094,6.5155
49.133,0.65094,6.5155
49.2,0.67925,6.5155
49.266,0.70755,6.543
49.333,0.76415,6.543
49.4,0.82075,6.5704
49.466,0.84906,6.5704
49.533,0.84906,6.5704
49.6,0.84906,6.5704
49.666,0.84906,6.5979
49.733,0.86321,6.5979
49.8,0.87736,6.5979
49.866,0.84906,6.5979
49.933,0.84906,6.5979
49.999,0.84906,6.5979
50.066,0.84906,6.5704
50.133,0.86321,6.5979
50.199,0.84906,6.5979
50.266,0.90566,6.5979
50.333,0.87736,6.5979
50.399,0.84906,6.5979
50.466,0.84906,6.5979
50.533,0.87736,6.5979
50.599,0.84906,6.5979
50.666,0.84906,6.5979
50.733,0.84906,6.5979
50.799,0.84906,6.5979
50.866,0.90566,6.5979
50.933,0.84906,6.5979
50.999,0.87736,6.5979
51.066,0.84906,6.5979
51.133,0.87736,6.5979
51.199,0.84906,6.5979
51.266,0.87736,6.5979
51.333,0.87736,6.5979
51.399,0.87736,6.5979
51.466,0.84906,6.5979
51.533,0.87736,6.5979
51.599,0.87736,6.5979
51.666,0.87736,6.5979
51.733,0.96226,6.6804
51.799,0.93396,6.6804
51.866,0.96226,6.8454
51.933,0.93396,6.8179
51.999,0.99057,6.9828
52.066,0.99057,6.9553
52.133,0.99057,6.9553
52.199,1.0047,6.9691
52.266,0.99057,6.9278
52.333,0.99057,6.9278
52.399,1.0755,6.9003
52.466,1.0755,6.9003
52.533,1.1038,6.8729
52.599,1.1038,6.8729
52.666,1.1038,6.8729
52.733,1.1038,6.8729
52.799,1.1038,6.8729
52.866,1.0896,6.8866
52.933,1.0755,6.9003
52.999,1.1038,6.8729
53.066,1.1038,6.8729
53.133,1.1321,6.8729
53.199,1.1321,6.8729
53.266,1.1321,6.8729
53.333,1.1321,6.8729
53.399,1.1321,6.8729
53.466,1.1321,6.8729
53.533,1.1321,6.8729
53.599,1.1321,6.8454
53.666,1.1321,6.8454
53.733,1.1321,6.8454
53.799,1.1321,6.8454
53.866,1.1462,6.8316
53.933,1.1038,6.8729
53.999,1.1321,6.8454
54.066,1.1321,6.8179
54.133,1.1321,6.8454
54.199,1.1321,6.8454
54.266,1.1321,6.8454
54.333,1.1038,6.8729
54.399,1.1321,6.8454
54.466,1.1321,6.8179
54.533,1.1462,6.8316
54.599,1.1604,6.8179
54.666,1.1604,6.8179
54.733,1.1604,6.8179
54.799,1.1462,6.8316
54.866,1.1604,6.8179
54.933,1.1321,6.8454
54.999,1.1604,6.8179
55.066,1.1604,6.8179
55.133,1.1604,6.8179
55.199,1.217,6.7629
55.266,1.2736,6.6529
55.333,1.217,6.6804
55.399,1.2453,6.6254
55.466,1.2453,6.5704
55.533,1.2736,6.3505
55.599,1.2736,6.2955
55.666,1.316,6.2405
55.733,1.3302,6.1856
55.799,1.3585,6.1581
55.866,1.3585,6.0481
55.933,1.4292,5.9519
55.999,1.4434,5.9107
56.066,1.4434,5.8832
56.133,1.4151,5.7457
56.199,1.4151,5.6907
56.266,1.4151,5.6907
56.333,1.4151,5.6632
56.399,1.3868,5.5808
56.466,1.3868,5.5808
56.533,1.3585,5.4983
56.599,1.3585,5.4983
56.666,1.2736,5.3883
56.733,1.2453,5.3471
56.799,1.217,5.3058
56.866,1.217,5.3058
56.933,1.217,5.3058
56.999,1.217,5.2784
57.066,1.217,5.2784
57.133,1.217,5.2234
57.199,1.2453,5.1959
57.266,1.217,5.1409
57.333,1.217,5.0859
57.399,1.217,5.0309
57.466,1.1887,4.866
57.533,1.1887,4.8247
57.599,1.1604,4.701
57.666,1.1604,4.646
57.733,1.1321,4.5636
57.799,1.1321,4.5636
57.866,1.1321,4.5911
57.933,1.1321,4.6186
57.999,1.0189,4.5086
58.066,0.96226,4.5086
58.133,0.84906,4.4261
58.199,0.79245,4.4261
58.266,0.70755,4.3986
58.333,0.70755,4.4261
58.399,0.62264,4.4261
58.466,0.53774,4.4261
58.533,0.45283,4.4261
58.599,0.36792,4.3986
58.666,0.31132,4.3986
58.733,0.25472,4.3986
58.799,0.19811,4.3711
58.866,0.16981,4.3711
58.933,0.14151,4.3711
58.999,0.11321,4.3436
59.066,0.099057,4.3162
59.133,0.084906,4.2887
59.199,0.056604,4.2612
59.266,0.056604,4.2337
59.333,0.056604,4.1787
59.399,0.084906,4.1237
59.466,0.084906,4.0687
59.533,0.084906,4.0412
59.599,0.11321,4.0137
59.666,0.16981,3.9588
59.733,0.22642,3.9313
59.799,0.28302,3.9038
59.866,0.36792,3.9038
59.933,0.45283,3.9038
59.999,0.53774,3.9038
60.066,0.59434,3.8763
60.133,0.66509,3.8763
60.199,0.70755,3.8763
60.266,0.53774,3.9038
60.333,0.79245,3.8488
60.399,0.84906,3.8213
60.466,0.93396,3.7938
60.533,0.82075,3.8213
60.599,0.87736,3.8213
60.666,1.0755,3.7663
60.733,1.0755,3.7663
60.799,1.1887,3.7388
60.866,1.1179,3.7526
60.933,1.2453,3.7388
60.999,1.3302,3.7388
61.066,1.3585,3.7388
61.133,1.4434,3.7113
61.199,1.4434,3.6838
61.266,1.4434,3.6564
61.333,1.4434,3.6289
61.399,1.4151,3.5739
61.466,1.4151,3.5739
61.533,1.3585,3.4914
61.599,1.3585,3.4639
61.666,1.3868,3.4914
61.733,1.3585,3.4364
61.799,1.3302,3.3814
61.866,1.3302,3.354
61.933,1.3302,3.354
61.999,1.2736,3.2715
62.066,1.2453,3.2165
62.133,1.217,3.1615
62.199,1.217,3.079
62.266,1.217,3.0378
62.333,1.1887,2.9141
62.399,1.1887,2.8866
62.466,1.1604,2.7766
62.533,1.1604,2.7216
62.599,1.1321,2.6392
62.666,1.1038,2.5017
62.733,1.1038,2.488
62.799,1.0755,2.4192
62.866,1.0755,2.433
62.933,1.0472,2.3643
62.999,1.0189,2.3368
63.066,0.96226,2.2543
63.133,0.90566,2.2268
63.199,0.84906,2.1443
63.266,0.82075,2.1443
63.333,0.76415,2.1168
63.399,0.70755,2.0619
63.466,0.70755,2.0619
63.533,0.67925,2.0619
63.599,0.62264,1.9794
63.666,0.62264,1.9794
63.733,0.53774,1.9519
63.799,0.48113,1.9519
63.866,0.45283,1.9519
63.933,0.39623,1.9244
63.999,0.36792,1.8969
64.066,0.31132,1.8969
64.133,0.28302,1.8694
64.199,0.21226,1.8282
64.266,0.16981,1.8144
64.333,0.14151,1.7595
64.399,0.11321,1.732
64.466,0.11321,1.677
64.533,0.084906,1.622
64.599,0.084906,1.622
64.666,0.084906,1.5945
64.733,0.084906,1.5945
64.799,0.084906,1.5945
64.866,0.084906,1.567
64.933,0.084906,1.567
64.999,0.084906,1.5395
65.066,0.11321,1.4845
65.133,0.14151,1.4296
65.199,0.14151,1.3746
65.266,0.16981,1.3196
65.333,0.25472,1.2371
65.399,0.28302,1.2096
65.466,0.36792,1.1546
65.533,0.42453,1.1271
65.599,0.50943,1.0722
65.666,0.56604,1.0722
65.733,0.65094,1.0172
65.799,0.70755,0.98969
65.866,0.79245,0.93471
65.933,0.84906,0.93471
65.999,0.89151,0.90722
66.066,0.93396,0.87973
66.133,0.93396,0.87973
66.199,0.96226,0.87973
66.266,1.0472,0.85223
66.333,0.99057,0.87973
66.399,1.217,0.82474
66.466,1.1321,0.87973
66.533,1.3019,0.79725
66.599,1.3302,0.76976
66.666,1.2453,0.79725
66.733,1.2736,0.79725
66.799,1.3302,0.74227
66.866,1.3868,0.71478
66.933,1.3868,0.71478
66.999,1.4434,0.68729
67.066,1.4717,0.65979
67.133,1.4717,0.60481
67.199,1.4717,0.54983
67.266,1.4717,0.57732
67.333,1.4434,0.52234
67.399,1.4151,0.46735
67.466,1.4151,0.46735
67.533,1.3868,0.46735
67.599,1.3585,0.43986
67.666,1.4151,0.49485
67.733,1.3585,0.43986
67.799,1.3585,0.43986
67.866,1.3868,0.46735
67.933,1.3585,0.43986
67.999,1.3302,0.41237
68.066,1.3302,0.43986
68.133,1.3302,0.43986
68.199,1.3019,0.46735
68.266,1.3019,0.46735
68.333,1.2736,0.46735
68.399,1.1887,0.46735
68.466,1.1887,0.46735
68.533,1.0755,0.46735
68.599,1.0472,0.46735
68.666,0.99057,0.46735
68.733,0.99057,0.46735
68.799,0.96226,0.46735
68.866,0.84906,0.46735
68.933,0.79245,0.46735
68.999,0.76415,0.43986
69.066,0.67925,0.43986
69.133,0.65094,0.43986
69.199,0.56604,0.43986
69.266,0.53774,0.43986
69.333,0.45283,0.43986
69.399,0.42453,0.46735
69.466,0.42453,0.46735
69.533,0.42453,0.46735
69.599,0.39623,0.46735
69.666,0.42453,0.49485
69.733,0.39623,0.52234
69.799,0.36792,0.54983
69.866,0.31132,0.60481
69.933,0.31132,0.60481
69.999,0.31132,0.60481
70.066,0.22642,0.65979
70.133,0.19811,0.65979
70.199,0.16981,0.65979
70.266,0.16981,0.65979
70.333,0.16981,0.65979
70.399,0.16981,0.65979
70.466,0.14151,0.65979
70.533,0.14151,0.65979
70.599,0.16981,0.65979
70.666,0.16981,0.65979
70.733,0.16981,0.65979
70.799,0.15566,0.65979
70.866,0.16981,0.65979
70.933,0.16981,0.65979
70.999,0.16981,0.65979
71.066,0.15566,0.65979
71.133,0.16981,0.65979
71.199,0.16981,0.65979
71.266,0.14151,0.65979
71.333,0.16981,0.65979
71.399,0.16981,0.65979
71.466,0.15566,0.65979
71.533,0.16981,0.65979
71.599,0.16981,0.65979
71.666,0.16981,0.65979
71.733,0.16981,0.65979
71.799,0.16981,0.65979
71.866,0.16981,0.68729
71.933,0.16981,0.65979
71.999,0.16981,0.65979
72.066,0.16981,0.65979
72.133,0.14151,0.65979
72.199,0.16981,0.65979
72.266,0.16981,0.65979
72.333,0.16981,0.65979
72.399,0.16981,0.65979
72.466,0.16981,0.65979
72.533,0.14151,0.65979
72.599,0.16981,0.65979
72.666,0.14151,0.65979
72.733,0.14151,0.65979
72.799,0.11321,0.65979
72.866,0.11321,0.65979
72.933,0.084906,0.65979
72.999,0.084906,0.65979
73.066,0.084906,0.65979
73.133,0.084906,0.65979
73.199,0.084906,0.65979
73.266,0.084906,0.65979
73.333,0.084906,0.67354
73.399,0.084906,0.65979
73.466,0.084906,0.68729
73.533,0.084906,0.65979
73.599,0.084906,0.65979
73.666,0.084906,0.65979
73.733,0.084906,0.68729
73.799,0.084906,0.65979
73.866,0.084906,0.65979
73.933,0.084906,0.65979
73.999,0.084906,0.65979
74.066,0.084906,0.65979
74.133,0.084906,0.65979
74.199,0.084906,0.65979
74.266,0.084906,0.65979
74.333,0.084906,0.65979
74.399,0.11321,0.65979
74.466,0.11321,0.65979
74.533,0.11321,0.6323
74.599,0.11321,0.60481
74.666,0.11321,0.60481
74.733,0.11321,0.60481
74.799,0.11321,0.60481
74.866,0.11321,0.60481
74.933,0.14151,0.60481
74.999,0.14151,0.60481
75.066,0.14151,0.60481
75.133,0.14151,0.60481
75.199,0.14151,0.60481
75.266,0.19811,0.54983
75.333,0.22642,0.52234
75.399,0.22642,0.46735
75.466,0.25472,0.41237
75.533,0.28302,0.38488
75.599,0.22642,0.43986
75.666,0.28302,0.41237
75.733,0.31132,0.43986
75.799,0.33962,0.43986
75.866,0.36792,0.43986
75.933,0.39623,0.46735
75.999,0.39623,0.46735
76.066,0.42453,0.43986
76.133,0.53774,0.41237
76.199,0.62264,0.38488
76.266,0.59434,0.41237
76.333,0.53774,0.41237
76.399,0.67925,0.41237
76.466,0.62264,0.38488
76.533,0.73585,0.38488
76.599,0.84906,0.38488
76.666,1.0189,0.35739
76.733,0.93396,0.35739
76.799,1.1038,0.3299
76.866,1.1321,0.3299
76.933,1.0189,0.3299
76.999,0.99057,0.35739
77.066,1.0613,0.3299
77.133,0.99057,0.3299
77.199,0.99057,0.3299
77.266,0.99057,0.3299
77.333,1.0189,0.3299
77.399,1.0189,0.3299
77.466,1.0189,0.3299
77.533,0.99057,0.3299
77.599,0.99057,0.3299
77.666,0.99057,0.35739
77.733,1.0189,0.34364
77.799,1.0189,0.35739
77.866,1.0189,0.35739
77.933,1.0755,0.35739
77.999,1.0189,0.35739
78.066,1.1038,0.35739
78.133,1.0472,0.3299
78.199,1.1038,0.35739
78.266,1.0613,0.35739
78.333,1.0755,0.35739
78.399,1.1604,0.35739
78.466,1.1887,0.35739
78.533,1.2453,0.35739
78.599,1.3302,0.38488
78.666,1.3585,0.35739
78.733,1.3585,0.38488
78.799,1.3585,0.35739
78.866,1.3585,0.35739
78.933,1.3868,0.35739
78.999,1.3585,0.38488
79.066,1.4151,0.35739
79.133,1.4717,0.3299
79.199,1.4717,0.35739
79.266,1.4717,0.35739
79.333,1.4717,0.35739
79.399,1.4717,0.35739
79.466,1.4717,0.35739
79.533,1.4717,0.35739
79.599,1.4575,0.38488
79.666,1.4434,0.38488
79.733,1.4434,0.38488
79.799,1.4434,0.38488
79.866,1.4434,0.38488
79.933,1.3868,0.38488
79.999,1.3868,0.38488
80.066,1.3868,0.38488
80.133,1.3868,0.38488
80.199,1.3585,0.35739
80.266,1.3302,0.3299
80.333,1.3585,0.38488
80.399,1.3302,0.38488
80.466,1.3302,0.38488
80.533,1.3302,0.38488
80.599,1.3302,0.41237
80.666,1.3019,0.38488
80.733,1.3302,0.38488
80.799,1.3019,0.43986
80.866,1.3019,0.43986
80.933,1.2736,0.46735
80.999,1.2736,0.46735
81.066,1.2736,0.46735
81.133,1.1887,0.52234
81.199,1.1887,0.52234
81.266,1.1038,0.52234
81.333,1.0755,0.52234
81.399,1.0189,0.52234
81.466,0.90566,0.52234
81.533,0.89151,0.52234
81.599,0.87736,0.52234
81.666,0.73585,0.52234
81.733,0.76415,0.52234
81.799,0.73585,0.52234
81.866,0.73585,0.52234
81.933,0.73585,0.52234
81.999,0.65094,0.52234
82.066,0.65094,0.52234
82.133,0.56604,0.52234
82.199,0.45283,0.46735
82.266,0.45283,0.46735
82.333,0.48113,0.49485
82.399,0.48113,0.49485
82.466,0.39623,0.52234
82.533,0.39623,0.52234
82.599,0.39623,0.52234
82.666,0.39623,0.52234
82.733,0.36792,0.52234
82.799,0.33962,0.52234
82.866,0.31132,0.52234
82.933,0.28302,0.52234
82.999,0.25472,0.54983
83.066,0.25472,0.52234
83.133,0.22642,0.52234
83.199,0.19811,0.52234
83.266,0.16981,0.52234
83.332,0.14151,0.46735
83.399,0.14151,0.46735
83.466,0.11321,0.46735
83.532,0.11321,0.46735
83.599,0.084906,0.43986
83.666,0.084906,0.43986
83.732,0.084906,0.43986
83.799,0.084906,0.43986
83.866,0.084906,0.43986
83.932,0.084906,0.43986
83.999,0.084906,0.43986
84.066,0.084906,0.43986
84.132,0.084906,0.43986
84.199,0.084906,0.43986
84.266,0.11321,0.43986
84.332,0.084906,0.41237
84.399,0.11321,0.41237
84.466,0.14151,0.43986
84.532,0.14151,0.41237
84.599,0.16981,0.41237
84.666,0.16981,0.41237
84.732,0.16981,0.41237
84.799,0.16981,0.43986
84.866,0.16981,0.41237
84.932,0.16981,0.43986
84.999,0.16981,0.41237
85.066,0.22642,0.43986
85.132,0.22642,0.46735
85.199,0.25472,0.46735
85.266,0.25472,0.46735
85.332,0.25472,0.46735
85.399,0.25472,0.46735
85.466,0.28302,0.46735
85.532,0.28302,0.46735
85.599,0.31132,0.46735
85.666,0.36792,0.46735
85.732,0.42453,0.46735
85.799,0.42453,0.43986
85.866,0.45283,0.43986
85.932,0.48113,0.43986
85.999,0.48113,0.41237
86.066,0.48113,0.38488
86.132,0.53774,0.3299
86.199,0.59434,0.3299
86.266,0.62264,0.30241
86.332,0.65094,0.30241
86.399,0.70755,0.27491
86.466,0.67925,0.27491
86.532,0.73585,0.30241
86.599,0.84906,0.27491
86.666,0.93396,0.27491
86.732,0.90566,0.30241
86.799,1.0189,0.27491
86.866,1.0189,0.30241
86.932,1.0472,0.3299
86.999,1.1038,0.3299
87.066,1.0189,0.3299
87.132,1.0189,0.30241
87.199,1.0755,0.3299
87.266,1.1321,0.3299
87.332,1.1887,0.3299
87.399,1.2736,0.35739
87.466,1.3019,0.35739
87.532,1.3585,0.35739
87.599,1.3868,0.38488
87.666,1.4151,0.38488
87.732,1.4717,0.41237
87.799,1.4717,0.41237
87.866,1.4717,0.43986
87.932,1.4717,0.43986
87.999,1.4717,0.45361
88.066,1.5,0.46735
88.132,1.4717,0.52234
88.199,1.4717,0.52234
88.266,1.4717,0.52234
88.332,1.4717,0.52234
88.399,1.4717,0.52234
88.466,1.4717,0.52234
88.532,1.4717,0.52234
88.599,1.4717,0.52234
88.666,1.4717,0.52234
88.732,1.4717,0.52234
88.799,1.4717,0.52234
88.866,1.4717,0.52234
88.932,1.4717,0.52234
88.999,1.4717,0.52234
89.066,1.4717,0.52234
89.132,1.4434,0.54983
89.199,1.4434,0.52234
89.266,1.4434,0.54983
89.332,1.4434,0.54983
89.399,1.4434,0.52234
89.466,1.4434,0.53608
89.532,1.4717,0.52234
89.599,1.4434,0.52234
89.666,1.4434,0.54983
89.732,1.4717,0.52234
89.799,1.4434,0.53608
89.866,1.4717,0.52234
89.932,1.4434,0.54983
89.999,1.4434,0.54983
90.066,1.4434,0.54983
90.132,1.4717,0.52234
90.199,1.4575,0.53608
90.266,1.4434,0.54983
90.332,1.4434,0.54983
90.399,1.4434,0.54983
90.466,1.4434,0.54983
90.532,1.4434,0.54983
90.599,1.4434,0.54983
90.666,1.4434,0.54983
90.732,1.4434,0.54983
90.799,1.4434,0.54983
90.866,1.4434,0.54983
90.932,1.4434,0.54983
90.999,1.4717,0.52234
91.066,1.4434,0.54983
91.132,1.4717,0.52234
91.199,1.4434,0.54983
91.266,1.4434,0.54983
91.332,1.4434,0.54983
91.399,1.4434,0.54983
91.466,1.4434,0.54983
91.532,1.4434,0.54983
91.599,1.4434,0.54983
91.666,1.4434,0.54983
91.732,1.4434,0.54983
91.799,1.4434,0.54983
91.866,1.4434,0.54983
91.932,1.4434,0.54983
91.999,1.4434,0.54983
92.066,1.4434,0.54983
92.132,1.4151,0.57732
92.199,1.4434,0.54983
92.266,1.4151,0.57732
92.332,1.4434,0.68729
92.399,1.4434,0.60481
92.466,1.4434,0.60481
92.532,1.4434,0.60481
92.599,1.4151,0.60481
92.666,1.3868,0.60481
